EmployeeKey;FirstName;LastName;Title
1;Kim;Abercrombie;Sales Region Manager
2;Sagiv;Hadaya;Sales Region Manager
3;Luka;Abrus;Sales Region Manager
4;Kirk;Nason;Sales Region Manager
5;Humberto;Acevedo;Sales Region Manager
6;Yoichiro;Okada;Sales State Manager
7;Pilar;Ackerman;Sales State Manager
8;Aaron;Painter;Sales State Manager
9;Terry;Adams;Sales State Manager
10;David;Probst;Sales State Manager
11;Manoj;Agarwal;Sales State Manager
12;Michael;Raheem;Sales State Manager
13;David;Ahs;Sales State Manager
14;Miguel;Saenz;Sales Store Manager
15;Kim;Akers;Sales Store Manager
16;Kate;Taneyhill;Sales State Manager
17;David;Alexander;Sales State Manager
18;Pieter;Uittenbogaard;Sales Group Manager
19;Michelle;Alexander;Sales State Manager
20;Rene;Valdes;Sales State Manager
21;Michael;Allen;Sales State Manager
22;Rohinton;Wadia;Sales State Manager
23;Luis;Alverca;Sales State Manager
24;Ming-Yang;Xie;Sales Store Manager
25;Antonio;Alwan;Sales Store Manager
26;David;Yalovsky;Sales State Manager
27;Oleg;Anashkin;Sales State Manager
28;Marko;Zajc;Sales State Manager
29;Christen;Anderson;Sales State Manager
30;Mike;Nash;Sales State Manager
31;Diogo;Andrade;Sales State Manager
32;Aneta;Olecka;Sales State Manager
33;Ben;Andrews;Sales State Manager
34;Jae;Pak;Sales Store Manager
35;Roy;Antebi;Sales Store Manager
36;Prithvi;Raj;Sales Store Manager
37;Luca;Argentiero;Sales Store Manager
38;Suriya;Sajjateerakool;Sales Store Manager
39;Zainal;Arifin;Sales Store Manager
40;Amy;Strande;Sales Store Manager
41;Ties;Arts;Sales Store Manager
42;Daniel;Taylor;Sales Store Manager
43;Ronen;Ashkenazi;Sales Store Manager
44;Hans-Walter;Untch;Sales Store Manager
45;Chris;Ashton;Sales Store Manager
46;Michael;Vanderhyde;Sales Store Manager
47;Vivian;Atlas;Sales Store Manager
48;Robin;Wakefield;Sales Store Manager
49;Anahita;Bahrami;Sales Store Manager
50;Pieter;Wycoff;Sales Store Manager
51;Dev;Balasubramanian;Sales Store Manager
52;Steven;Wright;Sales Store Manager
54;Eiji;Yasuda;Sales Store Manager
55;Ed;Banti;Sales Store Manager
56;Mrina;Natarajan;Sales Store Manager
57;Dave;Barnett;Sales Store Manager
58;Manuel;Oliveira;Sales Store Manager
59;Adam;Barr;Sales Store Manager
60;Rok;Palcic;Sales Store Manager
61;Shai;Bassli;Sales Store Manager
62;Yossi;Ran;Sales Store Manager
63;Shaun;Beasley;Sales Store Manager
64;Karolina;Salas-Szlejter;Sales Store Manager
65;Anna;Bedecs;Sales Store Manager
66;Oliver;Szimmetat;Sales Store Manager
67;Ann;Beebe;Sales Store Manager
68;Jeff;Teper;Sales Store Manager
69;Allie;Bellew;Sales Store Manager
70;Siri;Velauthapillai;Sales Store Manager
71;Nuno;Bento;Sales Store Manager
72;Anne;Wallace;Sales Store Manager
73;Matt;Berg;Sales Store Manager
74;John;Yokim;Sales Store Manager
75;Antonio;Bermejo;Sales Store Manager
76;Robert;Zare;Sales Store Manager
77;Michael;Berroth;Sales Store Manager
79;Jimmy;Bischoff;Sales Store Manager
80;Michael;Neipper;Sales Store Manager
81;Ari;Bixhorn;Sales Store Manager
82;Paulo;Neves;Sales Store Manager
83;Rex;Bloesser;Sales Store Manager
84;Aaron;Nicholls;Sales Store Manager
85;Tomasz;Bochenek;Sales Store Manager
86;Toby;Nixon;Sales Store Manager
87;Corinna;Bolender;Sales Store Manager
88;Fabricio;Noriega;Sales Store Manager
89;Raffaella;Bonaldi;Sales Store Manager
90;Jerry;Orman;Sales Store Manager
91;Laurent;Bonnet;Sales Store Manager
92;Danni;Ortman;Sales Store Manager
93;Thomas;Bouchard;Sales Store Manager
94;Scott;Oveson;Sales Store Manager
95;Marc;Boyer;Sales Store Manager
96;Tude;Palma;Sales Store Manager
97;Peter;Bankov;Sales Store Manager
98;Dan;Park;Sales Store Manager
99;Bryan;Bredehoeft;Sales Store Manager
100;Rajesh;Patel;Sales Store Manager
101;Alan;Brewer;Sales Store Manager
102;Dorena;Paschke;Sales Store Manager
103;Nick;Brigandi;Sales Store Manager
104;Leonids;Paturskis;Sales Store Manager
105;Allison;Brown;Sales Store Manager
106;Yael;Peled;Sales Store Manager
107;Robert;Brown;Sales Store Manager
108;Lori;Penor;Sales Store Manager
109;Daniel;Brunner;Sales Store Manager
110;Michel;Pereira;Sales Store Manager
111;Chris;Bryant;Sales Store Manager
112;Wirote;Petchdenlarp;Sales Store Manager
113;Brian;Burke;Sales Store Manager
114;Palle;Petersen;Sales Store Manager
115;Tzipi;Butnaru;Sales Store Manager
116;Terrence;Philip;Sales Store Manager
117;Rick;Byham;Sales Store Manager
118;Michal;Piaseczny;Sales Store Manager
119;Reina;Cabatana;Sales Store Manager
120;Pilar;Pinilla;Sales Store Manager
121;Iulian;Calinov;Sales Store Manager
122;Tanja;Plate;Sales Store Manager
123;Maria;Cameron;Sales Store Manager
124;Ekaterina;Podkolzina;Sales Store Manager
125;Jamie;Campbell;Sales Store Manager
126;Grigory;Pogulsky;Sales Store Manager
127;Paul;Cannon;Sales Store Manager
128;Josh;Pollock;Sales Store Manager
129;Cyril;Carbonati;Sales Store Manager
130;Cristina;Potra;Sales Store Manager
131;Jason;Carlson;Sales Store Manager
132;Chris;Preston;Sales Store Manager
133;Fernando;Caro;Sales Store Manager
134;Vishwa;Ranjan;Sales Store Manager
135;Chase;Carpenter;Sales Store Manager
136;Arvind;Rao;Sales Store Manager
137;Carlos;Carvallo;Sales Store Manager
138;Morten;Rasmussen;Sales Store Manager
139;Gitte;Casparij;Sales Store Manager
140;Mike;Ray;Sales Store Manager
141;Giorgio;Cavaglieri;Sales Store Manager
142;April;Reagan;Sales Store Manager
143;Luisa;Cazzaniga;Sales Store Manager
144;Barak;Regev;Sales Store Manager
145;Sean;Chai;Sales Store Manager
146;Enoch;Remick;Sales Store Manager
147;Greg;Chapman;Sales Store Manager
148;Bjorn;Rettig;Sales Store Manager
149;Neil;Charney;Sales Store Manager
150;Don;Richardson;Sales Store Manager
151;Ankur;Chavda;Sales Store Manager
152;Wendy;Richardson;Sales Store Manager
153;Aik;Chen;Sales Store Manager
154;Anders;Riis;Sales Store Manager
155;Jeff;Chia;Sales Store Manager
156;Titti;Ringstrom;Sales Store Manager
157;Michal;Chmiela;Sales Store Manager
158;John;Rodman;Sales Store Manager
159;Ray;Chow;Sales Store Manager
160;Don;Roessler;Sales Store Manager
161;Alice;Ciccu;Sales Store Manager
162;Kelly;Rollin;Sales Store Manager
163;Izak;Cohen;Sales Store Manager
164;Daniel;Roth;Sales Store Manager
165;Aaron;Con;Sales Store Manager
166;Pablo;Rovira Diez;Sales Store Manager
167;Kevin;Cook;Sales Store Manager
168;Erik;Rucker;Sales Store Manager
169;Jim;Corbin;Sales Store Manager
170;Michael;Ruggiero;Sales Store Manager
171;Cecilia;Cornejo;Sales Store Manager
172;Sharon;Salavaria;Sales Store Manager
173;Robin;Counts;Sales Store Manager
174;Ken;Sánchez;Sales Store Manager
175;Ioan;Crisiarcu;Sales Store Manager
176;Mandar;Samant;Sales Store Manager
177;Scott;Culp;Sales Store Manager
178;Patrick;Sands;Sales Store Manager
179;Pawel;Czernek;Sales Store Manager
180;Mark;Sargent;Sales Store Manager
181;Apurva;Dalia;Sales Store Manager
182;Tihomir;Sasic;Sales Store Manager
183;Jim;Daly;Sales Store Manager
184;Michiyo;Sato;Sales Store Manager
185;Mike;Danseglio;Sales Store Manager
186;Rimvydas;Saulis;Sales Store Manager
187;Shannon;Dascher;Sales Store Manager
188;George;Schaller;Sales Store Manager
189;Andrew;Davis;Sales Store Manager
190;Rainer;Schiller;Sales Store Manager
191;Eric;Davison;Sales Store Manager
192;Boris;Scholl;Sales Store Manager
193;Denis;Dehenne;Sales Store Manager
194;Andreas;Schou;Sales Store Manager
195;Axel;Delgado;Sales Store Manager
196;Miguel;Severino;Sales Store Manager
197;Luca;Dellamore;Sales Store Manager
198;Jill;Shrader;Sales Store Manager
199;Molly;Dempsey;Sales Store Manager
200;Alexandre;Silva;Sales Store Manager
201;Prashanth;Desai;Sales Store Manager
202;Alex;Simmons;Sales Store Manager
203;Michael;DeVoe;Sales Store Manager
204;David;Simpson;Sales Store Manager
205;Cari;Dick;Sales Store Manager
206;Ashima;Singhal;Sales Store Manager
207;Cliff;Didcock;Sales Store Manager
208;Bonnie;Skelly;Sales Store Manager
209;Blaine;Dockter;Sales Store Manager
210;Egil;Skjold;Sales Store Manager
211;Chris;Downs;Sales Store Manager
212;Ben;Smith;Sales Store Manager
213;Jan;Dryml;Sales Store Manager
214;Brian;Smith;Sales Store Manager
215;Bernard;Duerr;Sales Store Manager
216;Lorrin;Smith-Bates;Sales Store Manager
217;Andrea;Dunker;Sales Store Manager
218;Martin;Spona;Sales Store Manager
219;Bart;Duncan;Sales Store Manager
220;Jeff;Stammler;Sales Store Manager
221;Shelley;Dyck;Sales Store Manager
222;Mark;Steele;Sales Store Manager
223;Witold;Dyszkiewicz;Sales Store Manager
224;Brad;Sutton;Sales Store Manager
225;Terry;Earls;Sales Store Manager
226;Bernard;Tham;Sales Store Manager
227;Josh;Edwards;Sales Store Manager
228;Sandhya;Thodla;Sales Store Manager
229;Vladimir;Egorov;Sales Store Manager
230;Iben;Thorell;Sales Store Manager
231;Patrick;Elliott;Sales Store Manager
232;Justin;Thorp;Sales Store Manager
233;Anil;Elson;Sales Store Manager
234;Danielle;Tiedt;Sales Store Manager
235;Michael;Entin;Sales Store Manager
236;Olinda;Turner;Sales Store Manager
237;Ebru;Ersan;Sales Store Manager
238;Tjeerd;Veninga;Sales Store Manager
239;Modesto;Estrada;Sales Store Manager
240;Gregory;Verny;Sales Store Manager
241;Ken;Ewert;Sales Store Manager
242;Peter;Villadsen;Sales Store Manager
243;Antoine;Faisandier;Sales Store Manager
244;Florian;Voss;Sales Store Manager
246;Kelly;Weadock;Sales Store Manager
247;Yaniv;Feinberg;Sales Store Manager
248;Martin;Weber;Sales Store Manager
249;Dan;Fennell;Sales Store Manager
250;Cindy;White;Sales Store Manager
251;Franziska;Fiegler;Sales Store Manager
252;Greg;Winston;Sales Store Manager
253;William;Flash;Sales Store Manager
254;Robin;Wood;Sales Store Manager
255;Raymond;Fong;Sales Store Manager
256;Karin;Zimprich;Sales Store Manager
257;Jeff;Ford;Sales Store Manager
258;Aziz;Hassouneh;Sales Store Manager
259;Diane;Forsyth;Sales Store Manager
260;Arno;Harteveld;Sales Store Manager
261;Soren;Francker;Sales Store Manager
262;Mark;Harrington;Sales Store Manager
263;Joel;Frauenheim;Sales Store Manager
264;Eran;Harel;Sales Store Manager
265;Victor;Freitas;Sales Store Manager
266;Claus;Hansen;Sales Store Manager
267;Gabe;Frost;Sales Store Manager
268;Jim;Hance;Sales Store Manager
269;Kari;Furse;Sales Store Manager
270;David;Hamilton;Sales Store Manager
271;Mike;Gahrns;Sales Store Manager
272;Dean;Halstead;Sales Store Manager
273;Janet;Galore;Sales Store Manager
274;Adina;Hagege;Sales Store Manager
275;Cesar;Garcia;Sales Store Manager
276;Mary;Andersen;Sales Store Manager
277;Hugo;Garcia;Sales Store Manager
278;Allan;Guinot;Sales Store Manager
279;Davide;Garghentini;Sales Store Manager
280;Eric;Gruber;Sales Store Manager
281;Inbar;Gazit;Sales Store Manager
282;Seth;Grossman;Sales Store Manager
283;Christa;Geller;Sales Store Manager
284;Carlos;Grilo;Sales Store Manager
285;Tom;Getzinger;Sales Store Manager
286;Kirk;Gregersen;Sales Store Manager
287;Leo;Giakoumakis;Sales Store Manager
288;Nikolay;Grachev;Sales Store Manager
289;Enrique;Gil;Sales Store Manager
290;Mojca;Gostincar;Sales Store Manager
291;Eric;Gilmore;Sales Store Manager
292;Nuria;Gonzalez;Sales Store Manager
293;Stuart;Glasson;Sales Store Manager
294;Daniel;Goldschmidt;Sales Store Manager
295;Gerhard;Goeschl;Sales Store Manager
296;Jossef;Goldberg;Sales Store Manager
